English,About
lets love,aisou ze music video aisou ze japanes rock band chai featur cast dinosaur biyori music unknown unknown unknown avant gard music unknown g age 5.711
ham,ham music video direct anim goru song ham zutomayo music unknown unknown unknown origin unknown music psycholog unknown g age 6.361
horizon,horizon music video direct toshiaki hanzaki singl horizon band yellow monkey origin compos theme song documentari band ototoki music unknown unknown unknown origin unknown music unknown g age 5.821
pseudohope syndrome feat hatsune miku,kanchigaisei han kiboush feat hatsun miku unknown music unknown unknown unknown origin unknown music unknown pg teen older 6.131
sleeping beauty,sleep beauti offici music video collabor song sleep beauti korean hiphop group epik high japanes pop band sekai owari also known end world direct kousuk sugimoto music unknown unknown unknown origin unknown music unknown g age 6.001
halfway,halfway music video halfway rayon music unknown hipland music corpor unknown music unknown music unknown g age 5.721
maruman loose leaf,maruman loos leaf commerci maruman stationeri product special unknown unknown unknown origin unknown music unknown g age 4.901
deep sea tentacle,deep sea tentacl abstract short film kojir shishido featur creatur ocean ona unknown unknown unknown origin avant gard music unknown g age 4.821
shinmai fureai net concept movie,shinmai fureai net concept movi shinmai fureai net commiss corpor messag video compani sever depart assist peopl mediat insur sale creat advertis strategi newspap ad organ book sale etc ona unknown unknown unknown origin slice life unknown unknown g age 5.091
start signal,start aizu ao hibiki virtual youtub charact sign avex inc musician radio program august offici music video creat compani label avex state offici youtub channel ao doesnt get million view drop radio programsourc avex offici youtub channel music unknown avex entertain unknown origin unknown music unknown g age 5.291
white kangaroos song,shiro kangaroo uta music web short asami ike made honor rookun albino kangaroo born year kanazawa zoo two version video post one normal horizont video stream format second vertic stream format meant accommod phone user ona unknown unknown unknown origin unknown music kid g age 4.661
cup of smoke,cup smoke music video remix version cup smoke gay thought alphabet heaven album watercolor remix music unknown unknown unknown origin avant gard music unknown g age 5.001
melt,melt offici music video song melt cider girl music unknown unknown unknown origin unknown music unknown pg teen older 6.181
sleeping beauty,nemurihim stori detail baku previou song visit coffin woman love presum die unspecifi caus explain steal soul peopl order keep aliv continu day eventu wake coma also seem lament fact whatev dream give end give nightmaressourc vocaloid wikia music unknown unknown unknown origin unknown music unknown g age 5.571
missing you,shiroi unabara satomi maiya graduat work tokyo univers art graduat school film new media depart anim mother secretli threw letter written daughter snowcov ocean suspici daughter follow mother sneak rowboat movi unknown geidai anim unknown origin drama unknown unknown g age 6.031
brave new world,subarashii shin sekai unknown music unknown unknown unknown origin romanc music unknown pg teen older 6.281
urban caravan,urban caravan music video fake type song urban caravan music unknown rambl record unknown origin unknown music unknown pg teen older 5.931
boy,boy music video boy koji nakamura music unknown unknown unknown origin unknown music unknown g age 5.371
shiro the white java sparrow,hakubunch shiro unknown ona unknown unknown unknown origin slice life unknown unknown g age 6.201
car radio,car radio offici music video saitou kazuyoshi song car radio music unknown unknown unknown music unknown music unknown g age 5.341
a black cat,kuroi neko woman repeatedli stroke cat move around arm movi unknown geidai anim unknown origin avant gard music pet unknown g age 5.641
saisyu densha featuring izumi makura,saishuu densha featur izumi makura offici music video makura izumi song saishuu densha featur izumi makura music unknown warner music japan unknown music unknown music unknown g age 5.371
the state of things,koto shidai offici music video tamaki roy song koto shidai releas album nagi june music unknown space shower music unknown origin avant gard music unknown g age 5.071
oned,one one campaign reduc euthanasia rate japanes pet ona unknown unknown unknown origin unknown music unknown g age 5.461
the gift,gift shot creat game engin uniti short littl girl want give gift parent she suck fantasylik world via imagin stuf anim help journey ona unknown unknown marza anim planet origin fantasi unknown kid g age 5.681
catalyst,catalyst offici music video yamamoto seiichi song catalyst song featur instrument music releas album palm music unknown unknown saigo shudan origin avant gard music unknown r mild nuditi 5.131
humanoid,humanoid music video direct anim sakiyama song humanoid zutomayo music unknown unknown unknown origin supernatur music psycholog unknown g age 6.451
love,love offici music video makura izumi song love also releas album ai naraba shitt iru music unknown unknown unknown origin unknown music unknown g age 4.871
lost,lost music video kousuk sugimoto song lost charm park music unknown unknown unknown origin unknown music unknown g age 6.001
parasite,parasit music video song parasit deco featur vocal hatsun miku music unknown unknown otoiro origin unknown music unknown pg teen older 6.321
the starry night,starri night offici music video konco song starri night ep releas day music unknown space shower music unknown origin unknown music unknown g age 5.271
pa para papa,pa para papa happi husband wife enjoy eachoth compani go scenic drive car music unknown nhk unknown origin unknown music race kid g age 5.171
cant be right,tadashiku narenai music video direct genshou yasuda song cant right zutomayo music unknown unknown unknown origin unknown music psycholog unknown pg teen older 6.221
jack nicholson,jack nicholson music video direct mitsuyuki ishibashi song jack nicholson japanes rock band bloodthirsti butcher album birdi music unknown space shower music unknown origin action drama music unknown pg teen older 6.111
wego graphics,wego graphic commerci wego graphic brand special unknown unknown unknown origin unknown music unknown g age 4.941
the sunk sank,sun sank music video lite song sun sank music unknown hipland music corpor unknown music unknown music unknown g age 5.351
wooper lets tidy up,metamon wooper katazuk unknown ona unknown unknown unknown game comedi unknown kid pg children 5.791
hakodate musical opening video,hakod music wow inc first architectur project futur center hakod kid plaza hakod open hakod hokkaido octob open region exchang center two half year cooper soni pclthe larg led display media wall request citi time project plan featur variou anim display ryou inou invit creat music open media wall special unknown unknown unknown origin unknown music unknown g age 4.841
happy music,happi music anim music video happi around happi music track titl song first singl name also use insert song final episod ddj first mix animethi music video initi releas ddj offici youtub april later reupload cm recut octob sourc anilist music unknown unknown unknown mix media unknown music unknown pg teen older 6.411
universal mind,univers mind music video predawn song univers mind music unknown hipland music corpor onionskin music unknown music unknown g age 5.091
birthday,birthday toshiaki hanzaki graduat work depict evolut variou speci comic fashion movi unknown unknown unknown origin avant gard music unknown g age 5.421
days of delight,day delight promot video kousuk sugimoto jazz label day delight sampl song friend yoshio suzuki music unknown unknown unknown music unknown music unknown g age 5.521
quilt,sode kiruto music video song sode kiruto zutomayo music unknown unknown unknown origin adventur music unknown pg teen older 6.341
haruyasuminoyoru,haru yasumi yoru offici music video kojima keitani love song haru yasumi yoru anim takaharu shimizu music unknown space shower music unknown origin unknown music unknown g age 5.271
ghana,ghana offici music video dan song ghana also releas ep album music unknown unknown unknown music unknown music unknown g age 5.321
meru,meryuu unknown music unknown unknown unknown origin unknown music unknown pg teen older 5.841
crack,crack abstract short anim densuk junnosuk hara koki matsumoto music unknown unknown unknown origin unknown music unknown g age 4.951
itekoma hits,itekoma hit otobok beaver new album itekoma hit featur six new track two rerecord song content love short bakuro book ep promot album anim summari video made naoyuki asano music unknown unknown unknown origin avant gard music psycholog unknown pg teen older 5.321
dead end street,dead end street origin song mah featur vocaloid fukas music unknown unknown unknown origin unknown music unknown g age 5.521
rocket dive,rocket dive offici music video exil shokichi song rocket dive new singl titl underdog music video includ dvd singl launch later featur avex inc offici youtub channel music unknown avex entertain unknown origin unknown music unknown g age 5.361
stars colliding,star collid offici short lyric music video charm park song star collid honor singl digit releas go sale day also mini album song juli music unknown avex entertain unknown origin unknown music unknown g age 5.351
people who are eating,taberu hitotachi peopl show person eat becom like herbivor chew mani time becom like carp crow around bait becom like hamster mouth full etc everyon uniqu worth observationsourc offici websit movi unknown geidai anim unknown origin slice life unknown unknown g age 5.411
royal memories,royal memori music video direct masaki okuda song royal memori music group special favorit music album royal blue music unknown pvine record unknown origin unknown music unknown g age 5.881
writings fly away,scripta volant graduat anim ryo orikasa base happi princ oscar wild movi unknown geidai anim unknown book avant gard drama unknown unknown g age 5.811
cat step,cat step music video direct takashi ohashi song cat step japanes music produc daisuk tanab ep cat step music unknown unknown unknown origin unknown music unknown g age 5.381
doodle feat yerin baek,nagseo feat yerin baek music video direct mareykrap singl nagseo feat yerin baek south korean rapper punchnello music unknown aomg thek unknown origin romanc music unknown g age 5.851
darenotamenisakurawasaku,dare tame ni sakura wa saku offici music video taku tomizawa song dare tame ni sakura wa saku receiv ep releas back march music video predomin stopmot anim cherri blossom petal expand upon origin idea ep trailer liveact footag cherri blossom petal music unknown space shower music unknown origin unknown music unknown g age 5.271
toward morning,toward morn offici music video song toward morn band blue shirt music unknown unknown unknown origin unknown music unknown g age 5.651
yamasuki yamazaki,yamasuki yamazaki your insan happi your happi happi forget made happi shishi yamazaki graduat film featur track yama yama kashi kofima music group yamazaki music unknown unknown unknown music avant gard music unknown r mild nuditi 5.251
parallel,parallel short anim densuk music unknown unknown unknown origin unknown music strategi game unknown g age 4.971
monster of nobody,daredemo nai monster music video song monster nobodi natsu suisei music unknown unknown unknown origin unknown music unknown g age 5.851
port of wormy,port wormi surreal short creat mirai mizu movi unknown unknown unknown origin avant gard unknown unknown g age 5.051
supermarket flowers,supermarket flower anim music video ed sheeran song supermarket flower third studio album divid video direct yoriko hoshi who winner prestigi award tezuka osamu cultur prize video consist heartwarm stori featur ed sheeran belov cat calippo dorito music unknown warner music japan hotzipang music unknown music unknown g age 5.621
tomorrow is sunday,ashita wa nichiyoubi music video song ashita wa nichiyoubi vtuber unit rain drop music unknown unknown unknown origin unknown music psycholog unknown g age 6.071
lose it,lose stopmot concept movi super juniord lose song receiv digit releas day music video seri stream avex offici youtub channel music unknown avex entertain unknown origin unknown music unknown g age 5.361
it seems like a frog,seem like frog offici music video nisshoku natsuko song seem like frog also releas th minialbum gekirin mania music unknown unknown unknown origin unknown music unknown g age 5.231
new yoku feat chanmika,new yoku feat chanmika offici music video evisbeat song new yoku featur chanmika song includ musuhi album music unknown unknown saigo shudan origin unknown music unknown g age 5.451
irotoridori,irotoridori music video yuzu song irotoridori music unknown toy factori unknown origin unknown music kid g age 5.201
graduation,graduat offici music video polari song graduat anim takaharu shimizu music unknown space shower music unknown origin unknown music unknown g age 4.861
starting over,furidashi alway stumbl arriv glass hand get chip everi fall start howev thing discov repetit answer resid yourselfsourc youtub movi unknown geidai anim unknown origin avant gard music unknown g age 5.451
joint,joint event happen man base growth psycholog egoism shaman short anim ryoji yamada tama art univers movi unknown unknown unknown origin avant gard unknown unknown g age 5.171
nandakumou,nandaku mou music video kidori kidori song nandaku mou music unknown hipland music corpor onionskin music unknown music unknown g age 5.251
pochama sweets,pochama sweet special anim project pochama pokemon cafe ikebukuro tokyo special unknown unknown unknown game comedi unknown kid g age 5.661
shake,shake short anim direct masanobu hiraoka featur song smoke mirror sean lennon music unknown unknown unknown music avant gard music unknown g age 5.611
love in ruins,love ruin feat sinad harnett music video direct tetsuya tatamitani singl love ruin gryffin featur sinad harnett music unknown unknown unknown origin unknown music unknown pg children 5.921
flowers,hana kenji kawasaki first film movi unknown unknown unknown origin avant gard drama music unknown pg children 5.631
idobata gossip,idobata gossip origin song touyu anim mah song includ album boom industri releas two day earlier music unknown exit tune unknown origin unknown music unknown g age 5.901
deeper,deeper music video kousuk sugimoto song deeper yuuji nakada album thick music unknown unknown unknown origin unknown music unknown pg children 5.841
graffiti notation,gakufu rakugakich short film takashi ohashi creativ depict music score play ona unknown unknown unknown origin unknown music unknown g age 5.511
a nameless day,nama nai hi offici music video nama nai hi band kumorina titl album formal releas follow month may st music unknown unknown unknown music unknown music unknown g age 5.551
im home,tadaima music video oshima tomoko music unknown unknown unknown music unknown music unknown pg teen older 5.691
reunion,saikai two version music videoboth video featur song one sung hatsun miku niconico selfcov author harumaki gohan youtubeboth version focu separ charact music unknown unknown studio gohan origin unknown music unknown pg teen older 6.301
flying messenger,fli messeng short anim direct takashi ohashi featur song fli messeng yumi matsutoya music unknown unknown unknown origin unknown music unknown g age 5.681
swap,swap music video kousuk sugimoto song swap inshowha album nietzsch music unknown space shower music unknown origin unknown music unknown g age 5.531
cp,cp offici music video chef cook me song cp album feel releas octob music unknown soni music entertain unknown origin unknown music unknown g age 5.381
krosna,krosna music video kousuk sugimoto song krosna sung czech artist barbora polkov album share name music unknown unknown eallin origin unknown music unknown g age 5.281
do you remember that night,rememb night anim music video song third th anniversari album rememb night sugiurumn featur varieti accompani artist album compil track previou discographi night feat tomomi ukumori origin song music unknown avex entertain unknown origin avant gard music unknown g age 5.491
dreamless dreams,dreamless dream unknown music unknown unknown studio gohan origin unknown music unknown pg teen older 6.031
human gift,human gift offici music video human gift band lite album filmlet music unknown unknown unknown music unknown music unknown g age 5.141
study,studi short anim direct takashi ohashi featur song delight haruka nakamura album afterglow music unknown unknown unknown origin unknown music unknown g age 5.401
troubled night,bussouna yoru unknown music unknown unknown unknown unknown unknown music unknown g age 5.441
poka poka planet,poka poka hoshi poka poka hoshi origin song harumaki gohan featur hatsun miku creat theme snow miku sourc vocaloid wikia music unknown unknown studio gohan origin unknown music unknown g age 6.011
sect,sect origin song mah featur vocaloid vy music unknown unknown unknown origin unknown music unknown g age 5.781
letscookin jam,letscookin jam short anim takashi ohashi featur music compos go accompani work music unknown unknown unknown origin unknown music unknown g age 5.441
aster,aster music video song aster written harumaki gohan featur vocal hatsun miku music unknown unknown unknown origin unknown music unknown g age 6.161
for,short anim direct takashi ohashi featur music filfla keiichi sugimoto music unknown unknown unknown origin unknown music unknown g age 5.521
summer rich,summer rich feat hitomitoi music video summer rich feat hitomitoi band dorian album studio vacat music unknown unknown unknown origin unknown music unknown pg teen older 5.301
copy,copi music video song copi band kaisoku tokyo first album music station music unknown unknown unknown origin unknown music unknown g age 5.041
justice,seigi offici music video seigi album imawa imad chikaiwa emid zutomayo music unknown unknown unknown origin unknown music unknown g age 6.341
o light,hikari yo unknown music unknown unknown unknown origin unknown music unknown pg teen older 6.231
